Dataset,Experimental time (h),Raw analysis time (h),Raw frame index,Cell occupancy (%),Cell occupancy SD (%),EPS coverage (%),EPS coverage SD (%),Cells encased by EPS (%),Cells encased SD (%),Mean EPS intensity (a.u.),Mean EPS intensity SD,Integrated EPS intensity,Integrated EPS intensity SD,EPS-positive area (pixels),EPS-positive area SD (pixels),Measurement context
8-20 h,8.0,0.5,1,0.9640316466555228,0.2656349692962827,39.288009087912286,11.40203535718584,37.56560448337431,12.28866649310537,8690.749899837416,261.7222872011035,805920337.4444444,216103462.54151028,92956.0,25842.8184463305,3D chamber; 2D image analysis
8-20 h,9.09090909090909,1.0,2,0.9476016567800066,0.2397109495593414,36.020627292079084,6.501878691480068,30.46535515089994,8.948626068203637,8737.604241151095,426.62841670376605,700022072.0,163713729.8930114,80520.44444444444,20133.056108742603,3D chamber; 2D image analysis
8-20 h,10.181818181818182,1.5,3,0.949433109609426,0.22861261305752914,33.56856034016342,10.769013916892698,29.491093918874217,8.60800604593989,8752.901555762292,417.8952365846342,672799358.8888888,148577989.5111232,77339.66666666667,18918.174660891575,3D chamber; 2D image analysis
8-20 h,11.272727272727273,2.0,4,0.9810429237334204,0.2372845108528776,31.918539683190332,11.287944792862673,30.37592694812187,9.119663402397201,8787.955374980826,403.1092053978236,680751518.7777778,182663032.3266378,77844.55555555556,21923.585205841173,3D chamber; 2D image analysis
8-20 h,12.363636363636363,2.5,5,0.9975578505517504,0.23476871029294205,24.322955078470454,9.292869128033225,25.913201140495673,8.021571435390248,8775.925998233284,436.6745222927159,639280044.4444444,152486275.1153738,73286.66666666667,18946.174204836185,3D chamber; 2D image analysis
8-20 h,13.454545454545453,3.0,6,1.0312857796871602,0.27487728930872624,23.419444817196144,10.157144199488206,26.969752476032507,7.697885487839564,8819.174246625751,478.9412769744848,610807524.6666666,144278592.47217783,69614.22222222222,17642.514019958846,3D chamber; 2D image analysis
8-20 h,14.545454545454547,3.5,7,1.0968093225089692,0.28607340353356236,19.39384149193065,9.721371256602117,23.298865186786728,8.059857633223825,8820.27079210375,475.8212761146499,590379228.5555556,143441908.32635465,67180.11111111111,17091.44450773869,3D chamber; 2D image analysis
8-20 h,15.636363636363637,4.0,8,1.2185797014296587,0.3996978013943086,18.1029473581822,8.39055603797353,22.22701284507219,6.372801885599635,8883.966847540789,512.6898911995687,588405159.2222222,210810769.6138338,66315.0,23870.386690416224,3D chamber; 2D image analysis
8-20 h,16.727272727272727,4.5,9,1.3064894372417917,0.44293880866809326,16.643516516593742,8.137129041299756,17.970198895610523,6.154474690216853,8847.962925825743,598.0958118272545,545561548.8888888,178490696.48426357,61944.666666666664,21103.72102852954,3D chamber; 2D image analysis
8-20 h,17.81818181818182,5.0,10,1.3662903535415307,0.5156575810793546,13.382005368977195,7.128040904660179,14.922180387817974,7.028509640439248,8871.838012797707,552.5955450014667,531021786.6666667,203224945.33778858,59809.22222222222,22954.65104710687,3D chamber; 2D image analysis
8-20 h,18.909090909090907,5.5,11,1.2980302485934443,0.600499910331346,15.37785358415476,10.068941551250038,15.623315335886316,5.36811315218971,8774.505153788348,846.3019355615929,482166775.7777778,189544592.83096752,54285.555555555555,19286.223160011858,3D chamber; 2D image analysis
8-20 h,20.0,6.0,12,1.276082011714503,0.3908070247542673,10.312444214187146,8.993960138174172,8.794219698034468,5.3392155065543365,9012.538550997942,918.9118823201702,470637033.8888889,245521941.78956157,51097.666666666664,25141.237340274245,3D chamber; 2D image analysis
24-80 h,24.0,0.0,0,2.1536165300880628,0.8057343668614712,20.005536210807882,11.069043478665286,14.141444108557284,5.414945110339587,9655.422945657472,1265.800146311256,874584196.6,203349256.12265348,90582.2,17057.250502352366,3D chamber; 2D image analysis
24-80 h,24.636363636363637,0.5,1,2.442801339285714,0.8197863687907037,17.808976702451645,9.222992827299864,13.910189458199378,5.919452572890834,9628.773887074098,1251.6093797449448,890898984.6,187147354.28512618,92750.0,16862.418109512055,3D chamber; 2D image analysis
24-80 h,25.272727272727273,1.0,2,2.6394707069471623,0.9759318415155729,16.92283420280651,8.568931349757094,14.264474004745248,6.236427575671139,9648.175597746947,1281.143532366349,906564567.4,166737716.96913472,94452.8,16178.24898436169,3D chamber; 2D image analysis
24-80 h,25.90909090909091,1.5,3,2.8788670728351273,1.0705249909835832,16.169674313173456,7.968517046966176,14.042382948917194,5.662094075508791,9663.91379622513,1253.6673281028811,916370135.6,158675721.94886228,95356.0,15604.118254486539,3D chamber; 2D image analysis
24-80 h,26.545454545454547,2.0,4,3.2305776816291583,1.2774807914858057,15.944238474870684,7.7236311040683585,14.878575074361546,5.4127991467196175,9643.924485838204,1246.621959609287,943855433.0,146873974.02889675,98516.8,15069.97925346946,3D chamber; 2D image analysis
24-80 h,27.18181818181818,2.5,5,3.4086617844911937,1.346002006102822,15.856511969509782,8.11648375572158,15.199154743840097,6.073943821011762,9565.154529693093,1203.0711426272042,969640278.2,136043169.3034249,102036.2,14174.269476766694,3D chamber; 2D image analysis
24-80 h,27.81818181818182,3.0,6,3.593085899278376,1.2320669935188677,15.126364268053814,6.378447355683029,15.238450438133833,6.274365968346272,9515.653659526128,1200.0591426685303,1006378375.8,101445686.56444986,106760.2,14250.619572495787,3D chamber; 2D image analysis
24-80 h,28.454545454545453,3.5,7,4.015625955540607,1.6560119435158986,14.92076161620854,5.910428626901105,16.536397506774094,5.185873260636137,9533.41425962988,1163.9754821901613,1031713067.4,76451744.59754208,109184.8,12992.612273903966,3D chamber; 2D image analysis
24-80 h,29.09090909090909,4.0,8,4.31030990092955,1.8134479688694662,14.260658072947336,5.270795454059199,14.915036401422473,5.916379427696084,9534.475326671676,1091.7352080493965,1049793650.4,131557111.4428773,111323.0,20212.713734182256,3D chamber; 2D image analysis
24-80 h,29.727272727272727,4.5,9,4.887704867906066,2.0588151432511643,13.697334212058404,4.663435147365912,15.844024761007807,4.998641553553486,9499.631280709724,1068.4743542036892,1083283145.4,164873665.4788731,115527.0,25206.678004052814,3D chamber; 2D image analysis
24-80 h,30.363636363636363,5.0,10,5.362637215631115,2.385777849142711,14.079362867983425,5.223161024810196,15.491900475868135,5.84322000679228,9474.436603080307,1034.585615088426,1166083221.2,212252514.3817333,124999.2,31719.6838682229,3D chamber; 2D image analysis
24-80 h,31.0,5.5,11,5.655242860200587,2.8883852787887783,13.751579581481986,4.62116424227361,16.138724213426208,3.786307375907509,9407.420308886056,940.5250356621324,1201599348.0,250960372.83607575,129513.6,35327.25796463688,3D chamber; 2D image analysis
24-80 h,31.636363636363637,6.0,12,5.890688065680038,2.7723755742603284,14.545627444189677,4.661416166392469,16.465115251091373,5.096333357495315,9363.36069266084,873.479390652122,1273855799.0,332265462.6776724,137943.6,44120.73176863684,3D chamber; 2D image analysis
24-80 h,32.27272727272727,6.5,13,6.318598260151663,3.120203360108954,14.036800747293725,4.052753557433477,16.18568330281516,5.171122419725905,9330.601700566196,821.8667579032752,1329414520.4,406498859.36039126,144510.4,52659.09924504976,3D chamber; 2D image analysis
24-80 h,32.90909090909091,7.0,14,7.084454500978474,2.951819079745902,13.453332951934687,4.014416424343066,16.633269248844048,6.49587303631713,9309.248284934205,850.7997371687144,1397375765.8,511489688.3859153,152921.0,65868.62864444652,3D chamber; 2D image analysis
24-80 h,33.54545454545455,7.5,15,7.800054083598337,3.7404720138448213,14.057571026579026,4.127541969567015,16.839217199386038,5.9139726194485975,9280.369715008297,838.114920462198,1484063473.8,629709340.0165066,163253.0,79549.98655248158,3D chamber; 2D image analysis
24-80 h,34.18181818181818,8.0,16,8.191797066108123,3.8155001052304995,14.244156993033537,4.535639274056354,16.53270105241405,5.90604184003281,9229.546757220096,776.9784854962066,1571330791.4,728987203.6045573,173460.0,89737.75842141367,3D chamber; 2D image analysis
24-80 h,34.81818181818182,8.5,17,8.641388476944716,3.9499946540840005,15.141251387226792,5.397081519800903,18.374783325568018,6.33392877233048,9148.644367227218,745.3655778078302,1706828130.6,835299106.5446421,189926.0,101651.38754586678,3D chamber; 2D image analysis
24-80 h,35.45454545454545,9.0,18,9.144389829990216,3.2582503704773225,14.54867204589019,5.56366184284358,18.19431374692969,7.378907023860159,9150.910346861801,654.0111515996336,1777160918.0,911575020.8013322,197648.0,110644.95618192453,3D chamber; 2D image analysis
24-80 h,36.09090909090909,9.5,19,10.22235907687133,4.672653895535374,14.926370177183742,5.9400597499265215,18.039963380072024,6.986860845581239,9050.367186802416,577.1895403170984,1862762140.0,1035534374.442621,208711.0,123319.58843387372,3D chamber; 2D image analysis
24-80 h,36.72727272727273,10.0,20,10.708323140900196,4.274955204770774,15.029166620933609,6.21755154245279,18.85239162141191,6.185784807866206,9024.05419319234,574.0580187690414,1972173186.4,1140371009.7264593,221435.6,134820.32686245794,3D chamber; 2D image analysis
24-80 h,37.36363636363636,10.5,21,11.059020876651173,5.143297539001416,15.366035778631367,6.348179883274287,18.986518582855222,5.227396213859067,9003.445001725795,529.1246696872887,2100556405.4,1251289145.5260909,236406.8,147953.11582457463,3D chamber; 2D image analysis
24-80 h,38.0,11.0,22,12.114563585494128,6.019754568992804,15.569705454608828,6.667570920041176,19.072745095487154,6.3202160433821035,8979.572815103395,461.2848864389762,2217088959.8,1373072165.648721,250104.4,162209.82427183626,3D chamber; 2D image analysis
24-80 h,38.63636363636364,11.5,23,13.361066306873775,5.594201440202291,16.105853518428766,7.1044847600592,20.2247197442804,6.642444938157528,9237.607306823522,968.5108828173439,2531003889.6,1501998994.929592,279463.4,179336.09542643666,3D chamber; 2D image analysis
24-80 h,39.27272727272727,12.0,24,14.80002446183953,6.857347970318517,16.04296076759291,7.245816371971227,20.1462773704236,7.104428828063447,9212.393451989992,791.1132562032137,2640024639.8,1606234757.2415533,291745.4,190853.26362758377,3D chamber; 2D image analysis
24-80 h,39.90909090909091,12.5,25,15.483092664505872,7.8388396469555675,16.47302634096507,6.6400119103883934,19.900904154115796,6.469729129350023,9252.091902210184,670.404193444229,2860225765.4,1758513544.6390202,314756.6,208426.13578148014,3D chamber; 2D image analysis
24-80 h,40.54545454545455,13.0,26,16.923402909430038,6.888748888412005,16.178666692924764,7.450833803957247,20.447827494703223,8.11750248087032,9271.74780110729,669.474573720241,3051692115.2,1974793322.522667,334845.2,230681.27460892874,3D chamber; 2D image analysis
24-80 h,41.18181818181819,13.5,27,18.599789016634052,7.680788010741104,16.5108594424271,8.29807203405005,20.92541860861051,8.646257342549083,9315.768073278798,708.5047824389517,3249980777.4,2235300813.9697633,355128.6,258459.65352313695,3D chamber; 2D image analysis
24-80 h,41.81818181818181,14.0,28,20.751785905393838,9.31193446092656,17.47901791495411,9.553670829642481,21.00282107212338,9.353266575099303,9259.795135575572,683.1590314923532,3558045723.2,2550984492.845858,390601.0,293840.43245356827,3D chamber; 2D image analysis
24-80 h,42.45454545454545,14.5,29,22.334409590569965,10.329264290160278,18.837538947262306,10.153121776332753,22.906374218756824,10.230758623286928,9124.24412458856,573.2028196574382,3941961824.4,2967681470.109887,437627.6,341921.8227947728,3D chamber; 2D image analysis
24-80 h,43.09090909090909,15.0,30,23.876991346624266,9.250829595706298,20.029526329507743,11.478187918512077,23.713632944496002,10.146266142213472,9003.223829024413,507.01495487555354,4382242407.6,3360090249.7391853,491216.8,386649.79900253407,3D chamber; 2D image analysis
24-80 h,43.72727272727273,15.5,31,24.939805719483857,9.298114111588513,21.507145421776805,11.281095987532348,26.22274238853057,11.886783615159327,8949.485613681736,488.195262407398,4906173809.6,3882137395.7583556,550468.6,439916.21017564245,3D chamber; 2D image analysis
24-80 h,44.36363636363636,16.0,32,26.290018040606654,10.407766544779722,23.256970998581437,12.113636508890703,28.470058691500594,12.519991731411041,8881.049744529297,465.3797101023146,5440109344.0,4279684203.242343,611792.4,478811.2037012083,3D chamber; 2D image analysis
24-80 h,45.0,16.5,33,28.03378887139188,11.285995808885282,26.482448463132,13.994702079657232,32.58165299517539,13.508219539865893,8793.52912371192,456.7780094365441,6292869800.6,4892183774.560107,713496.6,547657.4206904349,3D chamber; 2D image analysis
24-80 h,45.63636363636364,17.0,34,29.015898284613506,12.960142422677503,29.1766324757158,14.620975200791293,33.93845397198748,14.515351996606023,8759.718632141065,385.9957747999796,7042157786.8,5538273725.582134,798624.8,616173.3781178801,3D chamber; 2D image analysis
24-80 h,46.27272727272727,17.5,35,31.1352252400318,12.953376447231193,31.214533042239907,14.794024599683434,37.21816363339962,14.113119074739489,8806.313645096563,374.28455654942957,7835311084.0,5910055578.492471,884241.6,653374.8191163323,3D chamber; 2D image analysis
24-80 h,46.90909090909091,18.0,36,33.36246617386253,12.143315651048349,33.474484886953114,16.763543318649383,38.77837701268693,16.047727073962687,8840.980450906218,376.7231287557008,8726025941.2,6796403673.32421,977502.8,737439.916522831,3D chamber; 2D image analysis
24-80 h,47.54545454545455,18.5,37,35.03603821397994,13.236674302946213,36.21895559245596,17.117386966769622,42.48624999742357,16.182306996526943,8852.87283492864,357.4934626433021,9688423276.2,7371946440.997385,1078267.0,779905.5204077606,3D chamber; 2D image analysis
24-80 h,48.18181818181819,19.0,38,34.680997546171724,13.330773339964356,39.4999756793173,18.09313262056362,45.98838126311462,16.769600572069763,8877.318228901997,388.5176557491115,10768007948.4,7942554728.251114,1190893.2,819938.1133711861,3D chamber; 2D image analysis
24-80 h,48.81818181818181,19.5,39,36.5429257506727,13.493648416945078,42.76613632258155,19.33292351302537,48.730885878394126,17.163413961603332,8939.007202806077,410.29903290590573,12022025012.8,8819209500.005487,1316312.2,890389.080545522,3D chamber; 2D image analysis
24-80 h,49.45454545454545,20.0,40,38.250710922211354,12.948114793896787,45.25711292442245,20.047640802508653,50.13659959899161,17.79836742949649,9000.760352112968,461.742324254022,12986040364.8,9364114503.61513,1407942.8,920702.1978572658,3D chamber; 2D image analysis
24-80 h,50.09090909090909,20.5,41,40.54778276357632,13.224293414018065,47.44249792653709,19.7733994250344,52.5426052053871,17.527169926221305,9042.516259963928,543.8902613979641,14032106064.0,9904896559.647203,1508236.4,943134.417262619,3D chamber; 2D image analysis
24-80 h,50.72727272727273,21.0,42,41.49904254831213,13.994941016248314,49.2929605093463,19.85311534546011,54.46375410285115,17.51907241764648,9089.304889130983,614.8362928833167,14881325290.6,10463047462.793467,1586164.8,969928.2701139296,3D chamber; 2D image analysis
24-80 h,51.36363636363636,21.5,43,42.415071550880626,14.287455983681363,50.53976027471724,20.667633101488818,56.05919637112477,18.46401168123476,9153.78441107204,699.2982077323395,15704968228.6,11238894538.498207,1654908.2,1010083.2968471957,3D chamber; 2D image analysis
24-80 h,52.0,22.0,44,44.61159185420744,15.441878899265769,51.628246938759865,20.4055135743497,58.02346110803519,17.444061227302456,9228.150427564386,754.2208899327416,16393772697.6,11572478464.169996,1710814.6,1014104.2666374596,3D chamber; 2D image analysis
24-80 h,52.63636363636364,22.5,45,45.94650597021771,14.901342999847737,53.329051178467935,20.327429500212194,58.724630300884584,18.14485894644954,9272.882546522284,839.9296863477414,17111334525.0,12046682744.464664,1771539.2,1023358.5440759265,3D chamber; 2D image analysis
24-80 h,53.27272727272727,23.0,46,47.18509203767123,14.562501406386206,54.86572251990573,20.520246233265485,60.0827402575007,17.970538715634742,9339.810598304766,954.9114775287694,18036942362.4,12655925194.094696,1846629.2,1034433.3675808704,3D chamber; 2D image analysis
24-80 h,53.90909090909091,23.5,47,49.10515055497798,14.621382279650913,56.79057504583036,20.286718437389588,61.76544905271207,18.256386291153113,9405.955859729624,1063.6977002789665,18979246042.8,13232175759.372683,1923579.6,1042523.1877449057,3D chamber; 2D image analysis
24-80 h,54.54545454545455,24.0,48,50.9765768331091,13.814881055578839,60.187597717651975,19.651021753126113,64.54556486928186,18.41426470579041,9423.190071623381,1146.4212254162208,20394682978.0,13358506505.826649,2067721.8,1027734.4394403157,3D chamber; 2D image analysis
24-80 h,55.18181818181819,24.5,49,51.74201741377201,16.032297241902434,62.609754652091716,19.22752905140954,66.3008625667001,17.357870512359728,9498.859864165588,1259.8376247049764,21435707907.2,13928981331.279436,2151692.8,1033765.9531004588,3D chamber; 2D image analysis
24-80 h,55.81818181818181,25.0,50,53.672605988564094,15.042800621483753,64.23439196959339,19.36953140705388,68.21755830433385,17.790675488899637,9569.660345082004,1354.5422985580142,22488085944.8,14485130738.42412,2237801.0,1044301.4632109351,3D chamber; 2D image analysis
24-80 h,56.45454545454545,25.5,51,55.004873257093934,14.860727288045666,66.80893184247954,18.642778166799292,70.38574500304397,16.902061928441515,9658.48839502643,1471.41629528333,23835075708.8,14877250524.759176,2348850.8,1029093.8503910613,3D chamber; 2D image analysis
24-80 h,57.09090909090909,26.0,52,55.82163592374021,16.3027251532366,68.9838599956338,18.802686787486664,73.13498860007601,17.041987874241197,9786.730795876581,1642.267375587757,25197131390.6,15633811310.762407,2445761.2,1033421.7173142337,3D chamber; 2D image analysis
24-80 h,57.72727272727273,26.5,53,56.07518862371575,16.030056891669282,71.9625451880333,17.942232140139023,75.43894516398004,16.46424774695129,9911.585074112587,1808.0325049136736,26668547067.0,16212097574.565693,2554444.6,1024510.3567769825,3D chamber; 2D image analysis
24-80 h,58.36363636363637,27.0,54,56.89465547027886,14.693349629766978,74.72910197753367,17.416274142973897,77.26480983714896,16.46465225111346,10018.448902146909,1963.4111645546413,28258240685.8,16793864180.81126,2677939.6,1022044.9543773992,3D chamber; 2D image analysis
24-80 h,59.0,27.5,55,57.619681460983365,15.095361148367298,78.04380149160792,15.991208810214166,78.88046358283572,15.845132935504601,10166.597056467595,2118.614435408377,30077850166.6,17108150880.20132,2813726.4,981806.7425926041,3D chamber; 2D image analysis
24-80 h,59.63636363636363,28.0,56,57.90170449333415,15.087815190091256,79.6169287097367,15.275431899860402,81.31945324114419,14.367670103415824,10353.24177933272,2358.0396171084612,31526323278.0,17893825697.96256,2891963.2,962681.95961683,3D chamber; 2D image analysis
24-80 h,60.27272727272727,28.5,57,58.84076680222603,14.785170965639871,81.57438995800763,14.635507253385542,82.93485706003682,13.879217119603219,10499.421226184548,2532.982982254543,33074227003.6,18371602290.623276,2995244.6,947783.9857160491,3D chamber; 2D image analysis
24-80 h,60.90909090909091,29.0,58,59.266503141817516,15.067205077362347,83.4162413087676,13.680553310572556,84.80786244145732,13.11033688386611,10729.225045400719,2794.2090173939964,34767797724.2,19129951242.928753,3081404.0,911106.680737223,3D chamber; 2D image analysis
24-80 h,61.54545454545455,29.5,59,59.78511802837574,15.093894685883926,85.12902861534477,12.909332190987628,86.67952799972099,11.724458410886237,10936.067337845792,3014.280769647329,36427745489.6,19670652135.19497,3172593.8,869304.5555852103,3D chamber; 2D image analysis
24-80 h,62.18181818181818,30.0,60,60.10058020425636,12.450245786317634,86.37877922734397,12.509642207466557,88.12916876639079,11.012349406710875,11154.327030644647,3222.298619186897,38093462012.0,20215224471.930824,3258472.0,830803.9510248492,3D chamber; 2D image analysis
24-80 h,62.81818181818182,30.5,61,60.85330253944472,13.45753585181414,87.69628222420549,11.803575740074033,88.8891919715921,10.656703153238691,11407.114553966192,3455.7998127513206,39841917344.2,20794132929.70752,3339044.6,779081.358108253,3D chamber; 2D image analysis
24-80 h,63.45454545454545,31.0,62,62.50698022413162,12.053738347139488,88.61290037090278,10.901107371150317,90.03416767861574,9.5222942212991,11648.775328624508,3599.180556239689,41351024651.0,21064472627.525425,3401856.4,727483.1625709973,3D chamber; 2D image analysis
24-80 h,64.0909090909091,31.5,63,62.043514363686405,9.7791761543833,89.53712308954066,10.04952915338055,90.60860410594913,8.991762522814735,11955.36492389131,3806.8131032058327,43167176022.0,21549913995.545757,3468493.0,666580.9456063831,3D chamber; 2D image analysis
24-80 h,64.72727272727272,32.0,64,63.06583292563601,11.198204229874085,90.3039293311181,9.27561315771345,91.54278099785759,7.96926331988012,12169.948483643664,3953.803823392127,44411379447.0,21943879476.666122,3509236.8,627016.850267758,3D chamber; 2D image analysis
24-80 h,65.36363636363637,32.5,65,63.32741216670744,11.91852962162816,90.96131406912858,8.628564035734826,91.94494159673062,7.662397456805086,12418.027089236806,4063.773932631664,45697917136.0,22242155014.228302,3544372.4,595170.0208984824,3D chamber; 2D image analysis
24-80 h,66.0,33.0,66,62.019501628241194,10.096864736650364,91.47364300309307,8.169764270867837,92.41583559472943,7.124405716942647,12591.834925195644,4174.25010946271,46708766726.4,22496093710.280037,3577577.8,563272.4815355354,3D chamber; 2D image analysis
24-80 h,66.63636363636363,33.5,67,63.24361603320694,10.757366811578153,92.03719883418162,7.7445512226393864,93.03444066555602,6.5497610504879376,12741.876704527302,4293.9791406972645,47733952925.2,22696010882.833206,3620447.0,526334.4089331421,3D chamber; 2D image analysis
24-80 h,67.27272727272728,34.0,68,61.12891389432485,8.916642566916911,92.42920859340356,7.545703119928684,93.28253999814898,6.659524043233162,12849.33484302834,4303.527600162029,48560042892.0,22438712917.95852,3663525.4,493288.96789741813,3D chamber; 2D image analysis
24-80 h,67.9090909090909,34.5,69,62.095863655821915,8.839492036034336,92.52958135939457,7.41472665116833,93.95935641616423,5.814647490618109,13008.820147093833,4483.160495050195,49256054814.2,23187398321.272945,3667329.0,487620.96810637665,3D chamber; 2D image analysis
24-80 h,68.54545454545455,35.0,70,57.81457352311643,8.756877009594971,95.0133907472612,4.746083977996731,95.86340899660131,3.938480027352043,13201.788191492096,4567.34173029653,51614121708.2,22287613451.706455,3823038.2,342156.96728358464,3D chamber; 2D image analysis
24-80 h,69.18181818181819,35.5,71,57.2020767719545,10.859217300209833,97.1811595876463,2.8130511992437572,97.74758701903752,2.5149107942624025,13679.997761212488,4884.494257593403,55118076174.4,22299675761.472404,3978459.0,208782.5703848384,3D chamber; 2D image analysis
24-80 h,69.81818181818181,36.0,72,41.91052699975538,11.958369625623453,99.73372797867648,0.374516374322637,99.74401186719216,0.38191690867168193,14150.643021753984,4996.616378575508,58576828057.8,21491230270.80854,4124341.2,67662.13485177657,3D chamber; 2D image analysis
24-80 h,70.45454545454545,36.5,73,51.836869152091495,11.29075913760735,99.13680156747986,1.105734090642081,99.32501564558075,0.8641435273074877,13789.224319446363,4897.591205793208,56611358799.4,21489832381.536015,4078463.0,116184.25435918588,3D chamber; 2D image analysis
24-80 h,71.0909090909091,37.0,74,58.550970447040115,12.494834050914976,97.01170437384285,2.974303066324538,97.4786791943969,2.692050008863128,13301.570144780586,4602.31344016853,53243262087.8,21383793212.923557,3945709.8,235585.4859275079,3D chamber; 2D image analysis
24-80 h,71.72727272727272,37.5,75,60.92695083170254,11.501805220916303,94.43015494779007,5.518754482186274,94.51133175893136,5.415908049665283,12791.883517699924,4327.699890205249,49553833150.0,21581612571.260372,3779896.2,383675.90087364096,3D chamber; 2D image analysis
24-80 h,72.36363636363637,38.0,76,62.910662686521526,12.086917306424715,92.84927816203522,7.338835778888526,93.30640007919212,7.006367641290661,12578.96636534909,4185.284322080435,47668765183.4,21838053989.908226,3675142.4,491008.4532808982,3D chamber; 2D image analysis
24-80 h,73.0,38.5,77,64.06396675483121,12.24259701909956,92.73169255617994,7.604978703017654,93.53850424765116,6.786907543809681,12454.980829319895,4044.808873445555,47177736145.4,21242436385.660706,3677016.4,498969.16568892315,3D chamber; 2D image analysis
24-80 h,73.63636363636363,39.0,78,65.35425712451077,13.438814596731467,91.6781515261674,8.451694430499924,92.57665881542368,7.470787620146474,12339.756002360096,3979.866904918136,46009138582.2,21567276190.047096,3601136.0,556964.1979790981,3D chamber; 2D image analysis
24-80 h,74.27272727272728,39.5,79,66.63624862402153,13.62913297243569,91.14918605964715,8.933275592637134,91.30260377223802,8.640503385129943,12239.387663998394,3901.7843209344646,45533990321.2,21288159837.092556,3592666.8,564733.7032829722,3D chamber; 2D image analysis
24-80 h,74.9090909090909,40.0,80,66.86170843016144,13.582970520206757,91.108538310261,9.041961458313839,91.77101136061732,8.334327208201687,12187.688653277564,3880.0259173064874,45353798887.6,21168004480.005432,3594532.0,567850.8115345966,3D chamber; 2D image analysis
24-80 h,75.54545454545455,40.5,81,65.29386218046722,12.409625188854754,90.58868953202187,9.379758772145324,91.68402259760732,8.246706930619096,12124.211837245817,3875.711961575186,44665050224.2,21510569053.910076,3545641.0,604423.9440822973,3D chamber; 2D image analysis
24-80 h,76.18181818181819,41.0,82,64.92836312071918,12.3324582775742,90.38441493137641,9.715572571434778,91.39282758784051,8.652345024895093,12146.303157404962,3917.4801211064782,44738370392.6,21733782746.59849,3542478.6,611332.4391972015,3D chamber; 2D image analysis
24-80 h,76.81818181818181,41.5,83,66.82966437591732,13.073801073418826,90.45111959807721,9.506955771672962,91.0250140932407,8.872106998418284,12058.81919166452,3914.5392667064098,44392498421.6,21659005652.151814,3539374.6,605534.3168647009,3D chamber; 2D image analysis
24-80 h,77.45454545454545,42.0,84,65.83695323966488,11.01628954229536,90.69191330230473,9.103529773973442,91.20288605884757,8.46499150585595,12099.53306494858,4014.6314991421423,44559474373.6,22090352810.31683,3536185.0,606770.086037949,3D chamber; 2D image analysis
24-80 h,78.0909090909091,42.5,85,65.08341869496086,12.128760537572585,89.95092201291732,9.7612240671125,90.71577344020011,9.00527104509412,12066.6029806274,4024.30805580257,44090118471.6,22399691141.283394,3498531.4,638480.8366504041,3D chamber; 2D image analysis
24-80 h,78.72727272727272,43.0,86,66.57453025623778,10.814040161403602,89.6235701891964,10.18797618458537,90.29577557461987,9.517218845869518,12008.593242312649,4025.8093203816875,43836181959.8,22406129991.403706,3493522.6,643780.2202609987,3D chamber; 2D image analysis
24-80 h,79.36363636363637,43.5,87,65.1500150975416,11.634722292521978,88.77611942728682,11.035784329683061,89.4242261380941,10.41369868408815,11974.2970806602,4048.6793478446484,43289103166.6,22857814162.499096,3445830.8,687758.8836207062,3D chamber; 2D image analysis
24-80 h,80.0,44.0,88,66.70969147504893,12.078795771444478,89.01384136511402,10.675689497662683,89.81021514780107,9.847179524172923,11950.910830293511,4068.9245842726245,43298949916.2,22844979075.299408,3454364.4,677730.9170923221,3D chamber; 2D image analysis
